Season,Rank,Driver,Races,Win,T5,T10,Pole,Laps,Led,AvSt,AvFn,RAF,Miles,LLF,Points,Diff,Ppts
2014,13,A.J. Allmendinger,36,1,2,5,0,10280,68,19.7,20.2,32,13420.93,19,2260,"-2,783",0
2014,35,Alex Bowman,36,0,0,0,0,9878,0,33,32.6,30,12986.56,3,412,"-4,631",0
2014,49,Alex Kennedy,5,0,0,0,0,699,0,39.8,34.6,3,1592.66,0,47,"-4,996",0
2014,16,Aric Almirola,36,1,2,7,0,9759,23,19.1,21.4,30,12928.49,22,2195,"-2,848",0
2014,20,Austin Dillon,36,0,1,4,1,10488,10,19.9,17.5,36,13872.87,23,958,"-4,085",0
2014,64,Blake Koch,5,0,0,0,0,1660,1,41.2,35.8,4,2143,0,0,"-5,043",0
2014,46,Bobby Labonte,3,0,0,0,0,455,0,24.3,26,2,1137.5,1,54,"-4,989",0
2014,52,Boris Said,2,0,0,0,0,199,0,37.5,30,2,437.41,1,28,"-5,015",0
2014,5,Brad Keselowski,36,6,17,20,5,10362,1540,7.4,12.6,35,13675.32,27,2361,"-2,682",0
2014,45,Brett Moffitt,7,0,0,0,0,1863,0,34.4,35.4,5,2632.65,0,60,"-4,983",0
2014,62,Brian Scott,6,0,0,0,1,1506,0,21.8,32.3,5,2560.76,1,0,"-5,043",0
2014,22,Brian Vickers,36,0,3,9,1,10047,53,14.1,18.6,33,13260.84,23,921,"-4,122",0
2014,9,Carl Edwards,36,2,7,14,0,10457,135,13.5,15.1,34,13730.19,27,2288,"-2,755",0
2014,26,Casey Mears,36,0,1,3,0,10405,4,25.5,22.3,35,13811.82,18,782,"-4,261",0
2014,56,Clay Rogers,2,0,0,0,0,70,0,35.5,43,0,60.76,0,2,"-5,041",0
2014,19,Clint Bowyer,36,0,5,15,0,9834,109,15.8,17.1,31,13026.49,25,979,"-4,064",0
2014,31,Cole Whitt,36,0,0,0,0,9977,1,33.4,29.2,32,13203.42,7,532,"-4,511",0
2014,68,Corey LaJoie,2,0,0,0,0,527,0,41.5,38,2,701.65,0,0,"-5,043",0
2014,8,"Dale Earnhardt, Jr.",36,4,12,20,0,9818,383,16.1,12.2,34,13160.82,29,2301,"-2,742",0
2014,28,Danica Patrick,36,0,0,3,0,10220,15,22.3,23.7,32,13410.19,19,735,"-4,308",0
2014,50,Dave Blaney,7,0,0,0,0,1252,0,38.3,37.4,4,2039.51,0,46,"-4,997",0
2014,30,David Gilliland,36,0,0,0,1,10049,14,31,28.8,32,13119.75,10,554,"-4,489",0
2014,32,David Ragan,36,0,0,1,0,10128,14,32.9,29.4,33,13357.91,7,531,"-4,512",0
2014,51,David Reutimann,3,0,0,0,0,934,1,32.3,32,3,1205.75,0,37,"-5,006",0
2014,43,David Stremme,10,0,0,0,0,3410,0,37.2,36.5,8,3231.42,0,75,"-4,968",0
2014,3,Denny Hamlin,35,1,7,18,3,9710,363,14.5,14.3,33,12924.23,28,5037,-6,0
2014,54,Eddie MacDonald,1,0,0,0,0,300,0,40,35,1,317.4,0,9,"-5,034",0
2014,14,Greg Biffle,36,0,3,11,0,10350,110,18.7,16.4,35,13675.65,27,2247,"-2,796",0
2014,58,J.J. Yeley,18,0,0,0,0,4669,0,37.6,36.2,12,5872.56,0,0,"-5,043",0
2014,18,Jamie McMurray,36,0,7,13,2,10225,368,14.5,16.2,33,13582.33,27,1014,"-4,029",0
2014,41,Jeff Burton,4,0,0,0,0,1247,0,25.2,22.2,4,1341.15,2,87,"-4,956",0
2014,6,Jeff Gordon,36,4,14,23,3,10503,1083,9,10.4,36,13830.69,32,2348,"-2,695",0
2014,11,Jimmie Johnson,36,4,11,20,1,9893,1310,11.9,15.3,32,13027.96,27,2274,"-2,769",0
2014,59,Joe Nemechek,15,0,0,0,0,4119,1,40.6,36.5,12,5171.39,0,0,"-5,043",0
2014,65,Joey Gase,4,0,0,0,0,1108,0,42.5,36,4,1508,0,0,"-5,043",0
2014,4,Joey Logano,36,5,16,22,1,10394,993,9.8,11.3,32,13721.87,30,5028,-15,0
2014,73,Johnny Sauter,1,0,0,0,0,11,0,43,43,0,27.5,0,0,"-5,043",0
2014,36,Josh Wise,35,0,0,0,0,9254,0,33.9,32.4,31,12307.07,4,405,"-4,638",0
2014,48,Juan Pablo Montoya,2,0,0,0,0,360,0,18,20.5,2,800,2,47,"-4,996",0
2014,29,Justin Allgaier,35,0,0,0,0,9880,16,25.9,25.9,29,12659.86,12,636,"-4,407",0
2014,15,Kasey Kahne,36,1,3,11,0,10275,218,17.2,17.6,31,13599.94,23,2234,"-2,809",0
2014,1,Kevin Harvick,36,5,14,20,8,10032,2137,9.1,12.9,34,13191.73,27,5043,0,0
2014,12,Kurt Busch,36,1,6,11,0,10025,220,13.5,18.9,30,13250.07,20,2263,"-2,780",0
2014,10,Kyle Busch,36,1,9,15,3,9882,453,13.1,17.6,32,12876.71,25,2285,"-2,758",0
2014,71,Kyle Fowler,1,0,0,0,0,491,0,42,28,1,258.26,0,0,"-5,043",0
2014,17,Kyle Larson,36,0,8,17,1,10142,53,15.6,14.2,32,13207.75,28,1080,"-3,963",0
2014,57,Landon Cassill,34,0,1,1,0,9216,12,34.9,28.8,29,11932.97,8,0,"-5,043",0
2014,23,Marcos Ambrose,36,0,3,7,0,10282,50,19.9,19.9,35,13555.63,21,870,"-4,173",0
2014,24,"Martin Truex, Jr.",36,0,1,5,0,10217,1,20.1,20.2,33,13342.19,23,857,"-4,186",0
2014,7,Matt Kenseth,36,0,13,22,2,10343,529,14,13.2,34,13585.79,30,2334,"-2,709",0
2014,33,Michael Annett,36,0,0,0,0,9750,5,33.7,29.4,30,12999.09,6,531,"-4,512",0
2014,37,Michael McDowell,19,0,0,1,0,5122,1,27.5,30.6,14,6705.53,4,255,"-4,788",0
2014,42,Michael Waltrip,4,0,0,0,0,637,4,36.2,25.2,3,1653.62,2,76,"-4,967",0
2014,61,Mike Bliss,8,0,0,0,0,890,0,38.8,40.9,2,834.26,0,0,"-5,043",0
2014,63,Mike Wallace,6,0,0,0,0,1927,0,39.2,34.7,6,2145.89,0,0,"-5,043",0
2014,69,Morgan Shepherd,2,0,0,0,0,306,0,42.5,41,1,322.12,0,0,"-5,043",0
2014,53,"Nelson Piquet, Jr.",1,0,0,0,0,90,0,32,26,1,220.5,1,18,"-5,025",0
2014,47,Parker Kligerman,8,0,0,0,0,2321,0,37.1,37.2,4,2686.22,0,54,"-4,989",0
2014,21,Paul Menard,36,0,5,13,0,10185,45,16.7,17.9,34,13367.44,23,944,"-4,099",0
2014,34,Reed Sorenson,36,0,0,0,0,9856,7,35.3,29.8,31,13087.46,5,516,"-4,527",0
2014,72,Regan Smith,1,0,0,0,0,81,0,13,37,0,198.45,0,0,"-5,043",0
2014,27,"Ricky Stenhouse, Jr.",35,0,1,5,0,9836,0,21.7,22.4,33,12818.39,17,757,"-4,286",0
2014,66,Ryan Blaney,2,0,0,0,0,457,15,12.5,24.5,2,910.54,1,0,"-5,043",0
2014,2,Ryan Newman,36,0,5,16,0,10479,41,13.3,12.7,35,13794.9,31,5042,-1,0
2014,39,Ryan Truex,23,0,0,0,0,5585,0,35.3,35.6,15,7258.21,0,193,"-4,850",0
2014,70,"Sam Hornish, Jr.",1,0,0,0,0,206,0,13,17,1,412,1,0,"-5,043",0
2014,40,Terry Labonte,4,0,0,0,0,693,0,27,22,4,1793.46,3,88,"-4,955",0
2014,44,Timmy Hill,11,0,0,0,0,2044,0,41.5,38.4,6,2870.57,0,62,"-4,981",0
2014,55,Tomy Drissi,1,0,0,0,0,108,0,43,38,1,214.92,0,6,"-5,037",0
2014,25,Tony Stewart,33,0,3,7,1,9306,125,16.5,20,29,12174.72,20,799,"-4,244",0
2014,38,Travis Kvapil,21,0,0,1,0,5857,2,36.5,33.9,19,7352.8,2,214,"-4,829",0
2014,60,Trevor Bayne,12,0,0,0,0,2533,8,21.2,32.2,7,4683.8,2,0,"-5,043",0
2014,67,Ty Dillon,2,0,0,0,0,642,0,27.5,26,2,821.28,0,0,"-5,043",0
2015,22,A.J. Allmendinger,36,0,0,3,2,10006,55,21.6,23.1,33,13514.9,18,758,"-4,285",0
2015,33,Alex Bowman,35,0,0,0,0,9212,3,34.4,31.6,29,11876.92,5,437,"-4,606",0
2015,40,Alex Kennedy,13,0,0,0,0,4166,0,41,34.8,13,4446.07,2,120,"-4,923",0
2015,17,Aric Almirola,36,0,3,6,0,9992,3,22.4,17.9,34,13194.15,25,940,"-4,103",0
2015,21,Austin Dillon,36,0,1,5,0,9973,39,17,21,33,13281.51,21,832,"-4,211",0
2015,72,B.J. McLeod,1,0,0,0,0,293,0,39,34,1,309.99,0,0,"-5,043",0
2015,42,Bobby Labonte,4,0,0,0,0,589,1,37,29.2,3,1533.94,3,60,"-4,983",0
2015,66,Boris Said,2,0,0,0,0,199,0,35.5,29,2,436.95,1,0,"-5,043",0
2015,7,Brad Keselowski,36,1,9,25,3,10347,1185,10,11.1,35,13691.88,31,2347,"-2,696",0
2015,58,Brendan Gaughan,8,0,0,0,0,1861,0,39.2,35.8,6,2952.2,1,0,"-5,043",0
2015,34,Brett Moffitt,31,0,0,1,0,9432,2,33.8,30.5,30,11619.22,3,422,"-4,621",0
2015,56,Brian Scott,10,0,0,0,0,2377,0,22.8,26.9,7,3453.13,4,0,"-5,043",0
2015,45,Brian Vickers,2,0,0,0,0,496,0,23,28,2,629,0,32,"-5,011",0
2015,5,Carl Edwards,36,2,7,15,3,10269,376,9.1,14,34,13502.06,30,2368,"-2,675",0
2015,23,Casey Mears,36,0,0,1,0,10035,4,23.9,23.1,32,13191.75,14,754,"-4,289",0
2015,61,Chase Elliott,5,0,0,0,0,1617,0,24.2,26.2,4,1843.18,2,0,"-5,043",0
2015,59,Chris Buescher,6,0,0,0,0,1821,0,36,26.7,6,2163.31,2,0,"-5,043",0
2015,16,Clint Bowyer,36,0,2,12,0,9737,11,20.5,18.8,33,13081.73,24,2175,"-2,868",0
2015,31,Cole Whitt,36,0,0,0,0,9871,5,35,28.7,33,13068.83,10,553,"-4,490",0
2015,12,"Dale Earnhardt, Jr.",36,3,16,22,0,10208,287,13.8,11.3,35,13612.51,28,2310,"-2,733",0
2015,24,Danica Patrick,36,0,0,2,0,9965,7,22.4,23.5,32,13273.61,14,716,"-4,327",0
2015,32,David Gilliland,36,0,0,0,0,10093,7,33.7,29.4,33,13205.86,5,533,"-4,510",0
2015,27,David Ragan,36,0,1,1,0,9887,8,17.2,24.6,30,13112.79,14,701,"-4,342",0
2015,9,Denny Hamlin,36,2,14,20,3,10276,529,11.7,13.6,34,13600.39,28,2327,"-2,716",0
2015,73,Derek White,1,0,0,0,0,290,0,42,39,1,306.82,0,0,"-5,043",0
2015,48,Eddie MacDonald,1,0,0,0,0,295,0,41,37,1,312.11,0,7,"-5,036",0
2015,64,Erik Jones,3,0,0,0,0,794,1,8.3,23.7,3,1082,1,0,"-5,043",0
2015,20,Greg Biffle,36,0,3,4,0,10343,40,19.9,20,36,13670.05,20,869,"-4,174",0
2015,53,J.J. Yeley,34,0,0,0,0,8896,3,37.1,34.5,30,11955.1,2,0,"-5,043",0
2015,13,Jamie McMurray,36,0,4,10,0,10331,14,16.3,14.9,34,13661.24,26,2295,"-2,748",0
2015,38,Jeb Burton,28,0,0,0,0,7348,0,38,36.3,24,9088.32,0,216,"-4,827",0
2015,3,Jeff Gordon,36,1,5,21,4,10292,265,11.8,13.7,35,13565.67,30,5038,-5,0
2015,75,Jeff Green,1,0,0,0,0,386,0,33,40,1,289.5,0,0,"-5,043",0
2015,67,Jeffrey Earnhardt,2,0,0,0,0,679,0,42,37.5,2,599.18,0,0,"-5,043",0
2015,10,Jimmie Johnson,36,5,14,22,1,10207,558,12.1,12.8,35,13539.48,28,2315,"-2,728",0
2015,71,Joe Nemechek,1,0,0,0,0,318,1,28,33,1,489.72,0,0,"-5,043",0
2015,65,Joey Gase,3,0,0,0,0,547,0,38.7,41,1,647,0,0,"-5,043",0
2015,6,Joey Logano,36,6,22,28,6,10256,1431,6.9,9.2,36,13664.5,32,2360,"-2,683",0
2015,69,Johnny Sauter,1,0,0,0,0,203,0,36,19,1,507.5,1,0,"-5,043",0
2015,37,Josh Wise,24,0,0,1,0,6317,3,36.8,33.5,20,8406.82,1,254,"-4,789",0
2015,30,Justin Allgaier,36,0,0,1,0,9526,1,26.4,27.7,31,12641.57,11,588,"-4,455",0
2015,70,Justin Marks,1,0,0,0,0,109,0,35,30,1,216.91,0,0,"-5,043",0
2015,18,Kasey Kahne,36,0,3,10,1,9896,66,14.9,18.1,33,12846.1,22,939,"-4,104",0
2015,2,Kevin Harvick,36,3,23,28,1,10180,2294,8.4,8.7,35,13357.14,29,5042,-1,0
2015,8,Kurt Busch,33,2,10,21,3,9592,788,10.1,11.1,33,12367.62,25,2333,"-2,710",0
2015,1,Kyle Busch,25,5,12,16,1,6752,735,8.2,10.8,23,9199.72,20,5043,0,0
2015,50,Kyle Fowler,1,0,0,0,0,373,0,40,41,0,196.19,0,3,"-5,040",0
2015,19,Kyle Larson,35,0,2,10,0,9533,115,13.3,19.3,30,12888.08,23,872,"-4,171",0
2015,52,Landon Cassill,36,0,0,0,0,9347,0,32.4,30.6,30,12175.37,9,0,"-5,043",0
2015,4,"Martin Truex, Jr.",36,1,8,22,0,10272,567,12.5,12.2,34,13514.26,31,5032,-11,0
2015,68,Matt Crafton,1,0,0,0,0,203,0,4,18,1,507.5,1,0,"-5,043",0
2015,35,Matt DiBenedetto,33,0,0,0,0,9358,2,36.5,32,32,12024.66,4,399,"-4,644",0
2015,15,Matt Kenseth,34,5,12,20,4,9267,927,11.5,14.3,30,12656.01,29,2234,"-2,809",0
2015,36,Michael Annett,35,0,0,0,0,8862,1,34.7,32.7,32,12102.71,3,398,"-4,645",0
2015,39,Michael McDowell,16,0,0,0,0,4541,0,29.3,30.7,15,6370.22,2,213,"-4,830",0
2015,43,Michael Waltrip,3,0,0,0,0,550,3,30,25,3,1430.52,2,58,"-4,985",0
2015,57,Mike Bliss,10,0,0,0,0,3528,3,39,34.9,10,3643.42,0,0,"-5,043",0
2015,47,Mike Wallace,1,0,0,0,0,199,0,16,36,1,497.5,0,8,"-5,035",0
2015,14,Paul Menard,36,0,2,5,0,10287,10,17.8,17.1,35,13622.4,25,2262,"-2,781",0
2015,41,Reed Sorenson,9,0,0,0,0,2586,1,38.4,35.9,9,3496,1,74,"-4,969",0
2015,62,Regan Smith,4,0,0,0,0,1293,0,25.8,16.2,4,1668.46,2,0,"-5,043",0
2015,25,"Ricky Stenhouse, Jr.",36,0,1,3,0,9850,3,23.6,24.3,33,13014.79,15,712,"-4,331",0
2015,51,"Ron Hornaday, Jr.",1,0,0,0,0,187,0,34,42,0,287.98,0,2,"-5,041",0
2015,54,Ryan Blaney,16,0,1,2,0,3622,5,14.5,25.3,11,5593.73,5,0,"-5,043",0
2015,74,Ryan Ellis,1,0,0,0,0,211,0,42,40,1,211,0,0,"-5,043",0
2015,11,Ryan Newman,36,0,5,15,0,10374,20,15.2,13.5,35,13715.01,28,2314,"-2,729",0
2015,44,Ryan Preece,5,0,0,0,0,1463,0,40,37,5,1601.15,0,35,"-5,008",0
2015,26,"Sam Hornish, Jr.",36,0,0,3,0,10189,22,25.3,24.3,34,13407.29,11,709,"-4,334",0
2015,48,T.J. Bell,1,0,0,0,0,325,0,43,37,1,443.95,0,7,"-5,036",0
2015,55,Timmy Hill,12,0,0,0,0,2805,0,41.8,39.2,10,3342.01,0,0,"-5,043",0
2015,28,Tony Stewart,36,0,0,3,0,9853,24,18.3,24.8,31,12855.48,15,695,"-4,348",0
2015,63,Travis Kvapil,4,0,0,0,0,698,0,41.5,35.5,4,1680.88,0,0,"-5,043",0
2015,29,Trevor Bayne,36,0,0,2,0,9900,0,27.9,25.8,33,12915.52,13,655,"-4,388",0
2015,60,Ty Dillon,5,0,0,0,0,1033,0,27.8,21.8,5,1981.5,3,0,"-5,043",0
2015,46,Will Kimmel,2,0,0,0,0,518,0,41.5,38.5,2,777,0,11,"-5,032",0
2016,19,A.J. Allmendinger,36,0,2,9,0,10018,29,17.2,17.8,32,13010.93,26,830,"-4,210",0
2016,53,Alex Bowman,10,0,0,3,1,2470,200,12.3,19.7,9,3596.41,7,0,"-5,040",0
2016,50,Alex Kennedy,1,0,0,0,0,76,0,36,36,0,186.2,0,5,"-5,035",0
2016,26,Aric Almirola,36,0,0,1,0,9747,1,23.9,23.3,30,13016.89,15,638,"-4,402",0
2016,14,Austin Dillon,36,0,4,13,2,10276,17,14,15.9,33,13563.77,26,2223,"-2,817",0
2016,43,Bobby Labonte,4,0,0,0,0,740,3,32.2,26.2,4,1910.8,3,61,"-4,979",0
2016,46,Boris Said,1,0,0,0,0,90,0,37,24,1,220.5,1,17,"-5,023",0
2016,12,Brad Keselowski,36,4,16,22,1,10337,549,9.6,11.5,33,13638.75,30,2267,"-2,773",0
2016,31,Brian Scott,36,0,1,1,0,9865,6,28.3,27.7,31,12857.27,7,481,"-4,559",0
2016,42,Brian Vickers,5,0,0,1,0,1452,0,15.4,23.8,4,1993.5,3,86,"-4,954",0
2016,4,Carl Edwards,36,3,9,18,6,10303,918,7.2,13.9,30,13560.46,26,5007,-33,0
2016,28,Casey Mears,36,0,0,0,0,9964,7,24.3,25.6,33,13020.02,10,556,"-4,484",0
2016,10,Chase Elliott,36,0,10,17,2,10243,358,11.3,14.6,34,13422.86,26,2285,"-2,755",0
2016,16,Chris Buescher,36,1,2,2,0,9992,12,26.2,26.1,32,12867.73,11,2169,"-2,871",0
2016,27,Clint Bowyer,36,0,0,3,0,10252,3,30.7,23.6,34,13495.12,15,628,"-4,412",0
2016,37,Cole Whitt,26,0,0,0,0,6667,2,35.3,30.5,21,9437.56,6,276,"-4,764",0
2016,60,D.J. Kennington,1,0,0,0,0,316,0,39,35,1,316,0,0,"-5,040",0
2016,32,"Dale Earnhardt, Jr.",18,0,5,6,0,4861,53,16.3,15.6,14,6450.68,14,461,"-4,579",0
2016,24,Danica Patrick,36,0,0,0,0,10326,30,25.1,22,33,13533.44,14,689,"-4,351",0
2016,44,David Gilliland,2,0,0,0,0,349,0,33.5,18,2,902.58,2,46,"-4,994",0
2016,33,David Ragan,36,0,0,0,0,9922,9,30.7,28.6,31,13323.91,8,455,"-4,585",0
2016,6,Denny Hamlin,36,3,12,22,1,10158,524,6.3,11.8,32,13627.6,29,2320,"-2,720",0
2016,55,Dylan Lupton,4,0,0,0,0,1256,0,38.2,32.5,4,1156.14,1,0,"-5,040",0
2016,49,Eddie MacDonald,1,0,0,0,0,293,0,38,36,1,309.99,0,5,"-5,035",0
2016,48,Gray Gaulding,2,0,0,0,0,656,0,36.5,38,0,485.36,0,6,"-5,034",0
2016,23,Greg Biffle,36,0,1,3,1,10046,42,20.2,21.6,29,13065.62,17,691,"-4,349",0
2016,13,Jamie McMurray,36,0,2,12,0,10198,0,16.6,15.8,34,13479.71,27,2231,"-2,809",0
2016,57,Jeb Burton,2,0,0,0,0,275,0,38,32.5,2,687.5,0,0,"-5,040",0
2016,38,Jeff Gordon,8,0,0,2,0,2571,7,16.4,13.9,8,2725.57,7,218,"-4,822",0
2016,41,Jeffrey Earnhardt,22,0,0,0,0,6922,2,38,33.8,20,8180.74,1,159,"-4,881",0
2016,1,Jimmie Johnson,36,5,11,16,1,10231,737,12.1,14,32,13368.94,26,5040,0,0
2016,54,Joey Gase,6,0,0,0,0,1846,0,38.2,35.5,6,2139.24,0,0,"-5,040",0
2016,2,Joey Logano,36,3,16,26,3,10160,703,8.1,10.5,33,13358.04,29,5037,-3,0
2016,40,Josh Wise,28,0,0,0,0,7215,0,38.2,35,20,9152.21,1,168,"-4,872",0
2016,61,Justin Allgaier,1,0,0,0,0,354,0,39,40,0,188.68,0,0,"-5,040",0
2016,17,Kasey Kahne,36,0,3,13,0,10355,0,16.9,15.6,34,13517.56,26,898,"-4,142",0
2016,8,Kevin Harvick,36,4,17,27,2,10215,1384,11.7,9.9,33,13414.61,29,2289,"-2,751",0
2016,7,Kurt Busch,36,1,9,21,2,10348,238,12.1,12,34,13800.5,31,2296,"-2,744",0
2016,3,Kyle Busch,36,4,17,25,2,9925,1379,9.6,11.5,31,13343.61,29,5035,-5,0
2016,9,Kyle Larson,36,1,10,15,0,10271,379,15.6,14.7,34,13499.39,23,2288,"-2,752",0
2016,29,Landon Cassill,36,0,0,0,0,10286,20,31.6,26.3,35,13540.14,10,530,"-4,510",0
2016,11,"Martin Truex, Jr.",36,4,8,17,5,10199,1809,9.1,13.9,32,13214.52,28,2271,"-2,769",0
2016,35,Matt DiBenedetto,35,0,0,1,0,9084,1,30.4,30,26,11425.86,7,386,"-4,654",0
2016,5,Matt Kenseth,36,2,8,19,1,10197,948,9.6,13.8,32,13612.94,29,2330,"-2,710",0
2016,36,Michael Annett,35,0,0,0,0,9451,7,37,31.7,31,12804.17,5,328,"-4,712",0
2016,30,Michael McDowell,31,0,0,2,0,8965,0,28.8,24.5,29,11586.55,11,500,"-4,540",0
2016,45,Michael Waltrip,2,0,0,0,0,388,3,34.5,21,2,1000.08,2,42,"-4,998",0
2016,47,Patrick Carpentier,2,0,0,0,0,272,0,37,35.5,2,624.92,0,11,"-5,029",0
2016,25,Paul Menard,36,0,0,3,0,9769,20,19.5,22,30,12932.65,18,678,"-4,362",0
2016,39,Reed Sorenson,28,0,0,0,0,7695,0,37.5,33.9,24,9592.72,1,198,"-4,842",0
2016,34,Regan Smith,35,0,1,2,0,9598,8,31.1,28.3,29,12642.14,6,452,"-4,588",0
2016,21,"Ricky Stenhouse, Jr.",36,0,4,6,0,9574,6,17.4,19.6,31,13019.04,23,772,"-4,268",0
2016,51,"Robert Richardson, Jr.",1,0,0,0,0,135,0,40,38,0,337.5,0,3,"-5,037",0
2016,20,Ryan Blaney,36,0,3,9,0,10018,11,14.9,18.5,34,13368.35,23,812,"-4,228",0
2016,56,Ryan Ellis,4,0,0,0,0,1112,0,37,36,4,1410.18,0,0,"-5,040",0
2016,18,Ryan Newman,36,0,2,10,0,10215,24,14.1,15.7,33,13602.93,24,895,"-4,145",0
2016,58,Ryan Reed,1,0,0,0,0,192,0,18,26,1,510.72,1,0,"-5,040",0
2016,59,Timmy Hill,1,0,0,0,0,386,0,36,34,1,386,0,0,"-5,040",0
2016,15,Tony Stewart,28,1,5,8,0,7631,36,14.8,18.3,24,10461.69,15,2211,"-2,829",0
2016,22,Trevor Bayne,36,0,2,5,0,10260,34,20.4,19.9,34,13578.6,21,762,"-4,278",0
2016,52,Ty Dillon,11,0,0,0,0,3212,4,27.1,24,10,4457.08,4,0,"-5,040",0
2017,27,A.J. Allmendinger,36,0,1,5,0,9941,7,23.9,22,31,13506.55,15,531,"-4,509",0
2017,44,Alon Day,1,0,0,0,0,108,0,32,32,1,214.92,0,5,"-5,035",0
2017,29,Aric Almirola,29,0,3,6,0,8509,2,22.4,18.8,26,10606.64,19,502,"-4,538",0
2017,11,Austin Dillon,36,1,3,4,0,10146,12,19.1,18.6,31,13498.54,21,2224,"-2,816",5
2017,52,B.J. McLeod,8,0,0,0,0,2325,0,37,33.4,7,2820.9,0,0,-5040,0
2017,40,Billy Johnson,1,0,0,0,0,110,0,26,22,1,218.9,1,15,"-5,025",0
2017,41,Boris Said,2,0,0,0,0,198,0,34.5,29.5,2,434.96,0,15,"-5,025",0
2017,4,Brad Keselowski,36,3,15,21,2,9493,778,8.8,12.4,31,12538.51,28,5030,-10,23
2017,55,Brendan Gaughan,4,0,0,1,0,723,6,34.5,15.8,3,1865.1,2,0,-5040,0
2017,53,Brett Moffitt,7,0,0,0,0,1554,0,35.7,33.7,6,2189.1,0,0,-5040,0
2017,56,Bubba Wallace,4,0,0,0,0,795,0,22.5,17.8,4,1614.5,2,0,-5040,0
2017,59,Carl Long,3,0,0,0,0,1050,0,39.7,33.3,2,1095.64,0,0,-5040,0
2017,5,Chase Elliott,36,0,12,21,1,10034,560,10.8,12,32,13058.76,27,2377,"-2,663",2
2017,25,Chris Buescher,36,0,0,4,0,9948,5,25.3,21.4,32,13479.42,14,564,"-4,476",0
2017,18,Clint Bowyer,36,0,6,13,0,10056,22,13.2,15.5,32,13175.03,25,871,"-4,169",1
2017,43,Cody Ware,5,0,0,0,0,610,0,38.4,37.8,0,759.45,0,6,"-5,034",0
2017,33,Cole Whitt,36,0,0,0,0,9724,3,32.1,28.2,27,12735.21,4,322,"-4,718",0
2017,49,Corey LaJoie,32,0,0,0,0,8668,0,34.1,30.2,27,11049.23,1,0,-5040,0
2017,39,D.J. Kennington,4,0,0,0,0,612,0,36.2,33.2,1,1095.74,0,17,"-5,023",0
2017,21,"Dale Earnhardt, Jr.",36,0,1,8,2,9747,47,17,20,29,12738.12,20,668,"-4,372",0
2017,28,Danica Patrick,36,0,0,1,0,9888,7,22.1,23.8,25,13049.75,13,511,"-4,529",0
2017,20,Daniel Suarez,36,0,1,12,0,10084,40,13.9,16.2,30,13239.69,26,777,"-4,263",1
2017,30,David Ragan,36,0,0,3,0,10188,4,29,24.9,32,13397.25,7,447,"-4,593",0
2017,60,David Starr,3,0,0,0,0,717,0,35.7,34,1,923,0,0,-5040,0
2017,6,Denny Hamlin,36,2,15,22,2,10359,710,8.4,11.6,32,13727.43,28,2353,"-2,687",9
2017,37,Derrike Cope,15,0,0,0,0,3681,0,37.2,35.1,11,4791.22,0,42,"-4,998",0
2017,58,Elliott Sadler,3,0,0,0,0,553,7,36,19.3,3,1413.06,2,0,-5040,0
2017,19,Erik Jones,36,0,5,14,1,9538,310,14.6,17.1,28,12555.05,22,863,"-4,177",0
2017,42,Gary Klutt,1,0,0,0,0,89,0,34,31,1,218.05,0,6,"-5,034",0
2017,34,Gray Gaulding,27,0,0,1,0,7787,0,34.6,31.2,21,9597.1,2,164,"-4,876",0
2017,48,Hermie Sadler,1,0,0,0,0,494,0,40,34,1,259.84,0,3,"-5,037",0
2017,57,J.J. Yeley,4,0,0,0,0,1288,0,30.8,30,3,1525.26,0,0,-5040,0
2017,12,Jamie McMurray,36,0,3,17,0,9824,21,10.1,14.6,31,12973.06,26,2224,"-2,816",0
2017,36,Jeffrey Earnhardt,34,0,0,0,0,7806,0,36.1,33.5,20,10023.82,0,145,"-4,895",0
2017,10,Jimmie Johnson,36,3,4,11,0,9955,217,16.9,16.8,29,12909.21,25,2260,"-2,780",16
2017,51,Joey Gase,9,0,0,0,0,1948,0,35.2,30.2,5,3079.5,1,0,-5040,0
2017,17,Joey Logano,36,1,10,17,2,10346,376,12.4,15.2,32,13583.91,23,930,"-4,110",1
2017,64,Josh Bilicki,2,0,0,0,0,390,0,35.5,36,2,505.82,0,0,-5040,0
2017,67,Justin Marks,1,0,0,0,0,16,0,31,40,0,42.56,0,0,-5040,0
2017,15,Kasey Kahne,36,1,3,6,0,10068,41,17.9,19.4,29,13226.39,20,2198,"-2,842",5
2017,3,Kevin Harvick,36,2,14,23,4,10155,850,8.8,11.1,32,13389.73,29,5033,-7,16
2017,46,Kevin O'Connell,1,0,0,0,0,108,0,36,33,1,214.92,0,4,"-5,036",0
2017,14,Kurt Busch,36,1,6,15,1,9837,16,11.8,16.5,29,13302.77,22,2217,"-2,823",5
2017,2,Kyle Busch,36,5,14,22,8,10284,2023,7.2,11.5,32,13530.25,28,5035,-5,39
2017,8,Kyle Larson,36,4,15,20,3,9776,1352,11.3,13.3,29,13095.49,25,2320,"-2,720",28
2017,45,Kyle Weatherman,2,0,0,0,0,782,0,38.5,34.5,2,550.68,0,5,"-5,035",0
2017,31,Landon Cassill,36,0,0,0,0,9815,12,29.4,26.5,30,13307.79,5,382,"-4,658",0
2017,66,Mark Thompson,1,0,0,0,0,25,0,36,39,0,66.5,0,0,-5040,0
2017,1,"Martin Truex, Jr.",36,8,19,26,3,10368,2253,6.8,9.4,30,13512.89,29,5040,0,54
2017,32,Matt DiBenedetto,36,0,0,2,0,9617,12,28.9,27.1,30,12831.67,9,363,"-4,677",0
2017,7,Matt Kenseth,36,1,10,18,2,10113,421,10.4,14.2,30,13388.77,27,2344,"-2,696",8
2017,26,Michael McDowell,36,0,1,1,0,10446,10,23.9,22.2,34,13798.27,12,542,"-4,498",0
2017,38,Michael Waltrip,1,0,0,1,0,200,0,30,8,1,500,1,29,"-5,011",0
2017,23,Paul Menard,36,0,2,3,0,10405,5,21.7,19.6,33,13803.77,20,631,"-4,409",0
2017,61,"Ray Black, Jr.",3,0,0,0,0,605,0,36.3,37.3,2,907.5,0,0,-5040,0
2017,35,Reed Sorenson,28,0,0,0,0,7959,1,34.8,32.1,23,9740.58,1,150,"-4,890",0
2017,62,Regan Smith,2,0,0,0,0,728,0,27.5,28,1,927.5,0,0,-5040,0
2017,13,"Ricky Stenhouse, Jr.",36,2,4,9,1,9979,56,15.9,17.1,30,13119.62,24,2222,"-2,818",10
2017,63,Ross Chastain,2,0,0,0,0,751,0,34,29,2,751,0,0,-5040,0
2017,9,Ryan Blaney,36,1,4,14,2,10395,301,10.3,17.2,31,13776.4,21,2305,"-2,735",9
2017,16,Ryan Newman,36,1,7,13,0,10075,46,17.1,15.8,32,13268.69,23,2196,"-2,844",5
2017,54,Ryan Sieg,5,0,0,0,0,1167,0,34,31.6,4,1523.78,0,0,-5040,0
2017,65,Stephen Leicht,1,0,0,0,0,153,0,36,32,1,382.5,0,0,-5040,0
2017,50,Timmy Hill,15,0,0,0,0,3940,0,37.3,32.6,11,4807.1,1,0,-5040,0
2017,47,Tommy Regan,1,0,0,0,0,107,0,37,34,1,212.93,0,3,"-5,037",0
2017,22,Trevor Bayne,36,0,2,6,0,10227,8,21.1,19.5,31,13512.7,20,660,"-4,380",0
2017,24,Ty Dillon,36,0,0,0,0,10210,40,26.2,20.7,33,13526.47,20,593,"-4,447",0
2018,22,A.J. Allmendinger,36,0,1,5,0,9214,19,22.1,21.2,30,12645.19,12,603,"-4,437",1
2018,16,Alex Bowman,36,0,3,11,1,9977,71,13.1,17,33,13327.97,21,2204,"-2,836",0
2018,48,Alon Day,1,0,0,0,0,383,0,34,38,1,287.25,0,1,"-5,039",0
2018,5,Aric Almirola,36,1,4,17,0,10003,181,15.6,12.8,34,13424.76,27,2354,"-2,686",6
2018,13,Austin Dillon,36,1,2,8,0,9993,23,18.8,17.5,33,13312.85,20,2245,"-2,795",5
2018,56,B.J. McLeod,14,0,0,0,0,3443,0,35.1,33.5,13,5201.98,0,0,"-5,040",0
2018,40,Blake Jones,3,0,0,0,0,968,0,38.7,30,3,952.26,0,21,"-5,019",0
2018,8,Brad Keselowski,36,3,12,20,0,9788,705,10.3,13.4,30,12763.11,27,2343,"-2,697",20
2018,59,Brendan Gaughan,4,0,0,0,0,747,2,24.8,18.5,3,1928.46,3,0,"-5,040",0
2018,28,Bubba Wallace,36,0,1,3,0,9391,19,24.8,24.5,30,12797.06,6,471,"-4,569",0
2018,71,Chad Finchum,1,0,0,0,0,335,0,38,33,0,178.55,0,0,"-5,040",0
2018,6,Chase Elliott,36,3,11,21,1,9850,325,11.1,12.2,32,12947.08,25,2350,"-2,690",19
2018,24,Chris Buescher,36,0,2,2,0,9759,1,21.6,21,33,13347.85,13,585,"-4,455",0
2018,45,Chris Cook,1,0,0,0,0,109,0,36,31,1,216.91,0,6,"-5,034",0
2018,12,Clint Bowyer,36,2,9,16,0,9911,490,13.7,13.8,30,13325.04,23,2272,"-2,768",11
2018,42,Cody Ware,4,0,0,0,0,777,0,38.2,34.5,2,1125.68,0,11,"-5,029",0
2018,62,Cole Custer,3,0,0,0,0,820,0,22.7,25.7,3,1093,1,0,"-5,040",0
2018,35,Cole Whitt,13,0,0,0,0,3389,0,33.5,26.8,12,4333.92,2,132,"-4,908",0
2018,34,Corey LaJoie,23,0,0,0,0,5073,0,32.8,31.5,16,6844.87,2,144,"-4,896",0
2018,57,D.J. Kennington,10,0,0,0,0,2962,0,33.9,26.5,10,3582.5,2,0,"-5,040",0
2018,47,Danica Patrick,1,0,0,0,0,101,0,28,35,0,252.5,0,2,"-5,038",0
2018,64,Daniel Hemric,2,0,0,0,0,508,0,16.5,27.5,2,547.76,1,0,"-5,040",0
2018,21,Daniel Suarez,36,0,3,9,1,9682,35,17.4,18.5,33,12740.38,18,674,"-4,366",0
2018,67,David Gilliland,1,0,0,0,0,206,0,39,14,1,515,0,0,"-5,040",0
2018,25,David Ragan,36,0,0,1,0,9882,0,24.2,22.9,34,13030.63,8,524,"-4,516",0
2018,66,David Starr,2,0,0,0,0,344,0,38,39,1,573,0,0,"-5,040",0
2018,11,Denny Hamlin,36,0,10,17,4,9926,380,10.3,12.6,32,13127.85,27,2285,"-2,755",3
2018,43,Derrike Cope,3,0,0,0,0,642,0,37.3,34.7,2,996.63,0,8,"-5,032",0
2018,15,Erik Jones,36,1,9,18,1,9836,99,10.6,14,33,12850.7,24,2220,"-2,820",5
2018,63,Garrett Smithley,3,0,0,0,0,445,0,36.7,35.7,2,764.5,0,0,"-5,040",0
2018,36,Gray Gaulding,20,0,0,0,0,4997,0,32.4,31.4,16,6630.1,0,119,"-4,921",0
2018,39,Harrison Rhodes,6,0,0,0,0,1920,0,36,33.5,4,1868.22,0,24,"-5,016",0
2018,50,Hermie Sadler,1,0,0,0,0,230,0,31,40,0,120.98,0,1,"-5,039",0
2018,54,J.J. Yeley,18,0,0,0,0,4674,0,34.7,31,13,6299.45,2,0,"-5,040",0
2018,20,Jamie McMurray,36,0,2,8,0,9799,9,18.1,18.9,31,12973.62,17,683,"-4,357",0
2018,70,Jeb Burton,1,0,0,0,0,489,0,39,33,1,257.21,0,0,"-5,040",0
2018,37,Jeffrey Earnhardt,17,0,0,0,0,4056,0,33.5,30.9,14,6546.96,2,110,"-4,930",0
2018,65,Jesse Little,2,0,0,0,0,312,0,35.5,35,1,410.94,0,0,"-5,040",0
2018,14,Jimmie Johnson,36,0,2,11,0,9764,40,19.2,16.7,32,12884.26,23,2242,"-2,798",0
2018,58,Joey Gase,8,0,0,0,0,2077,0,35.9,31.1,5,2944.92,1,0,"-5,040",0
2018,1,Joey Logano,36,3,13,26,1,9826,934,9.8,10.7,33,13015.34,30,5040,0,15
2018,73,Josh Bilicki,1,0,0,0,0,69,0,33,36,0,169.05,0,0,"-5,040",0
2018,61,Justin Marks,3,0,0,0,0,423,1,31,22.3,3,978.14,0,0,"-5,040",0
2018,30,Kasey Kahne,25,0,1,1,0,6584,30,26,22.8,22,9031.2,7,358,"-4,682",0
2018,3,Kevin Harvick,36,8,23,29,4,9691,1990,8.8,8.8,32,12790.14,31,5034,-6,51
2018,7,Kurt Busch,36,1,6,22,5,9992,644,8.8,12.1,32,13255,26,2350,"-2,690",8
2018,4,Kyle Busch,36,8,22,28,4,10001,1469,7.4,8.3,33,13319.36,31,5033,-7,46
2018,9,Kyle Larson,36,0,12,19,3,9768,782,12.8,12.6,32,12940.1,29,2299,"-2,741",4
2018,38,Kyle Weatherman,7,0,0,0,0,1774,0,32.7,32.3,6,2692.05,0,33,"-5,007",0
2018,52,Landon Cassill,29,0,0,0,0,7832,0,33.9,29.7,26,10097.03,2,0,"-5,040",0
2018,41,Mark Thompson,1,0,0,0,0,203,0,40,22,1,507.5,0,15,"-5,025",0
2018,2,"Martin Truex, Jr.",36,4,20,21,4,9760,1016,9.9,10.7,31,12987.83,30,5035,-5,30
2018,29,Matt DiBenedetto,36,0,0,1,0,9610,8,29.1,27,29,12733.37,6,368,"-4,672",0
2018,32,Matt Kenseth,15,0,0,2,0,4162,5,21.9,19.9,14,5555.69,7,268,"-4,772",1
2018,26,Michael McDowell,36,0,0,1,0,8964,33,23,24.5,30,12693.53,8,493,"-4,547",0
2018,60,Parker Kligerman,4,0,0,0,0,922,0,31.8,26.2,4,1521.91,1,0,"-5,040",0
2018,19,Paul Menard,36,0,1,7,1,9410,14,17.2,19.4,31,12982.78,15,692,"-4,348",1
2018,68,"Ray Black, Jr.",1,0,0,0,0,167,0,39,16,1,417.5,0,0,"-5,040",0
2018,55,Reed Sorenson,14,0,0,0,0,3297,0,34.7,32.6,8,4463.07,0,0,"-5,040",0
2018,33,Regan Smith,11,0,0,1,0,3162,10,28.5,23,11,4081.68,4,157,"-4,883",0
2018,18,"Ricky Stenhouse, Jr.",36,0,3,5,0,10076,133,14.8,19.4,30,13489.12,17,701,"-4,339",2
2018,51,Ross Chastain,34,0,0,0,0,8945,1,31.8,28.4,28,12036.27,3,0,"-5,040",0
2018,10,Ryan Blaney,36,1,8,16,3,9525,660,9.4,14.8,31,12945.56,27,2298,"-2,742",11
2018,17,Ryan Newman,36,0,0,9,0,10077,57,15.4,17.2,33,13521.83,21,769,"-4,271",0
2018,72,Spencer Gallagher,1,0,0,0,0,73,0,34,35,1,178.85,0,0,"-5,040",0
2018,49,Stanton Barrett,1,0,0,0,0,11,0,39,40,0,25.07,0,1,"-5,039",0
2018,44,Tanner Berryhill,2,0,0,0,0,537,0,36.5,34.5,1,664,0,7,"-5,033",0
2018,53,Timmy Hill,21,0,0,0,0,4393,0,37.1,35.7,11,5980.26,0,0,"-5,040",0
2018,69,Timothy Peters,1,0,0,0,0,187,0,32,23,1,497.42,0,0,"-5,040",0
2018,46,Tomy Drissi,1,0,0,0,0,108,0,37,32,1,214.92,0,5,"-5,035",0
2018,31,Trevor Bayne,21,0,0,0,0,5752,0,20.6,23.9,15,7504.62,4,287,"-4,753",0
2018,27,Ty Dillon,36,0,0,1,0,9871,3,27.2,24.1,32,13031.91,11,482,"-4,558",0
2018,23,William Byron,36,0,0,4,0,9352,61,17.7,22.1,27,12396.47,13,587,"-4,453",0
2019,1,   Kyle Busch,4,1,3,4,0,1111,227,11,3,4,1730.5,4,177,0,7
2019,2,   Joey Logano,4,1,2,3,0,1110,119,13.2,9.5,4,1728.96,3,171,-6,6
2019,3,   Kevin Harvick,4,0,2,3,1,1098,133,7.5,10.8,3,1698,3,168,-9,2
2019,4,   Denny Hamlin,4,1,2,3,0,1111,37,4.8,6.8,4,1730.5,4,165,-12,5
2019,5,"   Martin Truex, Jr.",4,0,2,3,0,1094,4,13,11.8,3,1688,3,140,-37,0
2019,6,   Kyle Larson,4,0,0,2,0,1111,142,17.8,9.2,4,1730.5,4,138,-39,1
2019,7,   Aric Almirola,4,0,1,3,1,1094,62,12,12.8,3,1688,3,134,-43,0
2019,8,   Brad Keselowski,4,1,2,2,0,1110,50,19.5,8.5,4,1729.5,3,133,-44,5
2019,9,   Kurt Busch,4,0,2,3,0,1100,24,16,10,4,1703,3,126,-51,0
2019,10,"   Ricky Stenhouse, Jr.",4,0,0,1,0,1110,22,8.5,12.5,4,1728.96,3,123,-54,0
2019,11,   Clint Bowyer,4,0,1,1,0,1103,0,13,12.5,3,1710.5,3,118,-59,0
2019,12,   Ryan Blaney,4,0,1,1,1,1092,148,13.5,19.5,3,1684.96,1,113,-64,2
2019,13,   Chase Elliott,4,0,0,1,0,1103,0,13.5,14.8,3,1711.46,2,108,-69,0
2019,14,   Erik Jones,4,0,1,2,0,1103,0,17.8,13,4,1722.5,3,106,-71,0
2019,15,   Jimmie Johnson,4,0,0,2,0,1108,4,13,15,4,1725.92,2,98,-79,0
2019,16,   Alex Bowman,4,0,0,0,0,990,0,8.8,18,3,1609.5,3,94,-83,0
2019,17,   Ryan Newman,4,0,0,0,0,1109,0,19.8,15.8,4,1727.5,3,92,-85,0
2019,18,   William Byron,4,0,0,0,1,1100,65,11.2,19.5,3,1706,2,82,-95,0
2019,19,   Paul Menard,4,0,0,0,0,1093,0,13.2,18.8,3,1687,2,81,-96,0
2019,20,   Daniel Suarez,4,0,0,1,0,1093,12,19.5,20.8,3,1687,2,77,-100,0
2019,21,   Austin Dillon,4,0,0,0,0,1106,2,11.8,19.5,4,1721.46,0,76,-101,0
2019,22,   Ty Dillon,4,0,0,1,0,1106,0,19.2,18.8,4,1722.92,2,74,-103,0
2019,23,   Chris Buescher,4,0,0,1,0,1094,0,23.5,20,3,1688,3,73,-104,0
2019,24,   Matt DiBenedetto,4,0,0,0,0,1086,49,20,25.8,3,1677.88,0,57,-120,0
2019,25,   Daniel Hemric,4,0,0,0,0,1090,5,18.2,23.8,3,1682.46,0,53,-124,0
2019,26,   David Ragan,4,0,0,0,0,1089,0,20.5,24.8,3,1681.5,1,49,-128,0
2019,27,   Corey LaJoie,4,0,0,0,0,1093,0,27.5,25,4,1697.26,0,48,-129,0
2019,28,   Ryan Preece,4,0,0,1,0,972,0,22.8,25.5,2,1561.34,1,47,-130,0
2019,29,   Bubba Wallace,4,0,0,0,0,1067,0,21.5,28.2,3,1626.88,0,42,-135,0
2019,30,   Michael McDowell,4,0,1,1,0,849,0,22.2,27,3,1410.88,1,41,-136,0
2019,31,   Matt Tifft,4,0,0,0,0,1079,0,32.2,29.5,3,1665.76,0,30,-147,0
2019,32,   Landon Cassill,4,0,0,0,0,1007,0,30.8,30.8,3,1584.36,0,25,-152,0
2019,33,   Jamie McMurray,1,0,0,0,0,198,6,16,22,0,495,0,19,-158,0
2019,34,   Cody Ware,4,0,0,0,0,1011,0,35,34.8,3,1533.62,0,12,-165,0
2019,35,   Quin Houff,1,0,0,0,0,302,0,35,30,1,302,0,7,-170,0
2019,36,   Reed Sorenson,1,0,0,0,0,252,0,37,36,1,378,0,1,-176,0
2019,37,   Casey Mears,1,0,0,0,0,104,0,40,40,0,260,0,1,-176,0
2019,38,   Ross Chastain,4,0,0,1,0,1087,0,34.8,25.2,4,1696.02,1,0,-177,0
2019,39,   Parker Kligerman,3,0,0,0,0,786,0,30.3,25.3,3,1396.72,0,0,-177,0
2019,40,   B.J. McLeod,3,0,0,0,0,733,0,36.3,29.3,3,1312.02,0,0,-177,0
2019,41,   Brendan Gaughan,1,0,0,0,0,197,0,30,23,0,492.5,0,0,-177,0
2019,42,   Tyler Reddick,1,0,0,0,0,191,0,39,27,0,477.5,0,0,-177,0
2019,43,   Bayley Currey,1,0,0,0,0,301,0,36,31,1,301,0,0,-177,0
2019,44,   Garrett Smithley,1,0,0,0,0,254,0,35,36,1,391.16,0,0,-177,0
2019,45,   Joey Gase,1,0,0,0,0,10,0,36,38,0,15,0,0,-177,0